{
    "loss": 3.7911202907562256,
    "accuracy": 0.5686274766921997
}